student_id,lms_logins_per_semester,avg_session_duration_minutes,assignment_submission_rate,forum_participation_count,video_completion_rate,GPA,pass_fail
S001,32,33,0.7,8,0.74,2.42,0
S002,29,53,0.91,13,0.85,3.73,1
S003,34,69,0.58,18,0.99,2.8,1
S004,22,18,0.91,6,0.72,2.59,1
S005,9,11,0.77,15,0.76,2.3,0
S006,18,65,0.61,19,0.76,2.53,1
S007,27,39,0.7,4,0.77,2.04,0
S008,22,31,0.99,9,0.76,3.17,1
S009,3,84,0.89,17,0.5,3.68,1
S010,19,22,0.79,10,0.5,3.1,1
S011,18,80,0.56,6,0.55,2.44,0
S012,26,25,0.71,13,0.55,2.07,0
S013,33,54,0.63,19,0.85,2.43,0
S014,3,74,0.54,17,0.6,2.83,1
S015,37,20,0.77,10,0.95,3.52,1
S016,6,79,0.94,11,0.96,2.38,0
S017,6,29,0.84,17,0.99,3.44,1
S018,25,72,0.62,1,0.97,3.73,1
S019,25,21,0.79,0,0.64,2.91,1
S020,18,71,0.97,9,0.75,3.64,1
S021,8,51,0.86,0,0.59,3.11,1
S022,19,78,0.84,5,0.9,3.27,1
S023,15,67,0.98,6,0.94,3.05,1
S024,16,14,0.9,16,0.93,2.93,1
S025,21,36,0.57,8,0.72,2.47,0
S026,12,37,0.67,6,0.88,2.61,1
S027,11,35,0.98,16,0.55,2.58,1
S028,9,58,0.74,2,0.52,3.13,1
S029,0,30,0.56,15,0.88,2.24,0
S030,31,10,0.73,4,0.71,3.83,1
S031,29,67,0.85,19,1.0,3.44,1
S032,7,88,1.0,17,0.55,2.8,1
S033,20,64,0.66,0,0.93,2.32,0
S034,21,35,0.76,3,0.74,3.76,1
S035,17,34,0.94,10,0.91,3.65,1
S036,1,86,0.68,19,0.91,3.44,1
S037,8,42,0.55,8,0.96,2.54,1
S038,2,81,0.97,7,0.65,2.8,1
S039,25,78,0.74,7,0.97,2.21,0
S040,20,15,0.75,4,0.58,2.38,0
S041,29,32,0.81,11,0.54,3.57,1
S042,27,39,0.5,0,0.72,3.43,1
S043,35,87,0.97,14,0.91,3.19,1
S044,25,63,0.68,17,0.74,3.79,1
S045,33,20,0.7,5,0.91,3.17,1
S046,7,40,0.59,9,0.86,2.93,1
S047,9,15,0.69,13,0.6,2.68,1
S048,13,20,0.9,7,0.97,3.88,1
S049,39,86,0.9,2,0.53,2.17,0
S050,14,21,0.97,18,0.95,3.86,1
S051,16,75,0.7,11,0.65,3.65,1
S052,17,62,0.85,11,0.75,2.26,0
S053,31,45,0.75,14,0.71,3.13,1
S054,37,26,0.9,6,0.59,3.73,1
S055,22,37,0.86,3,0.68,3.14,1
S056,22,31,0.68,8,0.6,3.81,1
S057,34,16,0.67,15,0.6,3.89,1
S058,38,24,0.63,12,0.59,2.84,1
S059,14,20,0.79,3,0.74,2.75,1
S060,23,33,0.98,8,0.9,3.87,1
S061,27,76,0.6,17,0.78,3.35,1
S062,15,39,0.55,14,0.95,2.23,0
S063,15,79,0.56,14,0.82,2.08,0
S064,39,75,0.89,5,0.84,3.13,1
S065,38,70,0.68,10,0.83,3.86,1
S066,5,87,0.61,7,0.72,3.69,1
S067,1,50,0.68,16,0.84,3.35,1
S068,12,60,0.82,16,0.53,2.28,0
S069,8,53,0.77,17,0.93,2.51,1
S070,33,22,0.87,3,0.89,3.75,1
S071,16,21,0.67,14,0.62,2.37,0
S072,26,18,0.73,1,0.88,2.56,1
S073,28,57,0.55,1,0.51,2.26,0
S074,36,58,0.54,9,0.61,3.35,1
S075,21,62,0.73,2,0.53,3.89,1
S076,23,65,0.65,7,0.89,2.54,1
S077,6,49,0.81,19,0.88,2.95,1
S078,33,33,0.52,6,0.91,3.27,1
S079,11,81,0.56,11,0.5,4.0,1
S080,22,42,0.93,18,0.75,2.21,0
S081,14,32,0.78,14,0.85,3.0,1
S082,32,86,0.86,13,0.58,2.77,1
S083,12,63,0.92,15,0.82,3.73,1
S084,22,62,0.73,13,0.54,2.95,1
S085,37,58,0.88,2,0.59,2.22,0
S086,31,87,0.76,17,0.74,3.27,1
S087,34,87,0.61,5,0.83,3.54,1
S088,0,89,0.67,16,0.57,2.01,0
S089,4,58,0.75,13,0.59,3.72,1
S090,12,69,0.66,13,0.6,2.37,0
S091,4,74,0.67,19,0.62,3.1,1
S092,31,41,0.67,12,0.61,2.83,1
S093,20,88,0.56,2,0.7,3.44,1
S094,23,30,0.54,12,0.83,2.74,1
S095,17,27,0.52,1,0.72,3.74,1
S096,20,69,0.56,8,0.89,3.46,1
S097,9,22,0.67,12,0.86,3.3,1
S098,23,33,0.8,7,0.56,3.59,1
S099,39,39,0.59,15,0.52,3.51,1
S100,20,11,0.94,2,0.94,2.07,0
S101,24,34,0.9,12,0.54,2.79,1
S102,22,59,0.76,3,0.57,3.86,1
S103,21,23,0.86,17,0.51,2.25,0
S104,3,15,0.68,1,0.81,3.47,1
S105,33,85,0.52,19,0.79,3.95,1
S106,5,39,0.95,14,0.99,2.1,0
S107,27,39,0.56,16,0.94,3.36,1
S108,30,47,0.97,9,0.71,2.94,1
S109,34,67,0.79,0,0.69,3.16,1
S110,38,50,0.65,5,0.65,2.17,0
S111,22,66,0.75,2,0.58,2.09,0
S112,5,45,0.75,18,0.57,3.33,1
S113,15,73,0.51,6,0.57,3.65,1
S114,1,25,0.68,12,0.56,3.56,1
S115,23,87,0.87,12,0.62,3.09,1
S116,16,81,0.76,16,0.65,2.2,0
S117,0,23,0.62,0,0.98,3.38,1
S118,5,40,0.67,13,0.79,2.48,0
S119,4,75,0.93,2,0.99,3.82,1
S120,28,77,0.76,13,0.69,3.68,1
S121,11,74,0.76,0,0.73,3.42,1
S122,38,64,0.98,15,0.66,3.9,1
S123,2,87,0.66,9,0.59,2.06,0
S124,0,49,0.74,12,0.57,3.47,1
S125,26,34,0.91,3,0.97,2.66,1
S126,23,34,0.88,8,0.99,3.81,1
S127,18,12,0.63,13,0.52,2.53,1
S128,7,78,0.58,3,0.58,3.45,1
S129,1,35,0.85,9,0.71,3.76,1
S130,29,49,0.63,7,0.59,2.08,0
S131,29,47,0.96,2,0.68,2.8,1
S132,38,47,0.56,6,0.56,3.52,1
S133,31,77,0.66,9,0.73,2.91,1
S134,0,16,0.53,2,0.64,2.53,1
S135,37,39,0.85,1,0.68,2.44,0
S136,12,28,0.95,14,0.55,2.26,0
S137,10,44,0.82,8,0.71,3.71,1
S138,9,42,0.97,14,0.99,3.15,1
S139,25,42,0.56,16,0.66,2.15,0
S140,19,87,0.54,6,0.94,2.77,1
S141,16,47,0.92,19,0.92,2.74,1
S142,16,19,0.93,17,0.98,2.36,0
S143,3,66,0.92,14,0.9,2.87,1
S144,4,37,0.9,17,0.83,2.66,1
S145,22,87,0.68,11,0.93,2.68,1
S146,9,47,0.61,7,0.54,3.48,1
S147,27,25,0.96,1,0.73,2.45,0
S148,32,30,0.65,1,0.99,3.28,1
S149,25,15,0.7,4,0.88,3.14,1
S150,28,50,0.85,0,0.98,3.14,1
S151,26,24,0.65,3,0.89,3.33,1
S152,17,12,0.91,5,0.94,3.1,1
S153,39,52,0.54,12,0.85,3.76,1
S154,9,56,0.9,18,0.88,3.35,1
S155,4,23,0.8,10,0.76,3.09,1
S156,9,75,0.79,12,0.96,3.66,1
S157,20,38,0.73,7,0.91,3.21,1
S158,23,13,0.64,6,0.92,2.58,1
S159,37,35,0.73,12,0.84,2.41,0
S160,2,21,0.73,0,0.65,2.3,0
S161,39,11,0.79,5,0.52,3.8,1
S162,30,26,0.64,6,0.97,3.42,1
S163,36,44,0.54,15,0.79,3.87,1
S164,1,19,0.57,14,0.65,3.21,1
S165,1,52,0.85,19,0.57,2.95,1
S166,38,30,0.51,1,0.91,2.12,0
S167,33,24,0.93,15,0.92,3.34,1
S168,19,44,0.85,16,0.91,3.16,1
S169,32,69,0.88,14,0.82,3.98,1
S170,3,53,0.92,2,0.68,2.48,0
S171,10,14,0.56,3,0.65,3.06,1
S172,4,82,0.91,11,0.5,3.3,1
S173,24,27,0.75,4,0.92,3.29,1
S174,36,30,0.94,16,0.54,3.12,1
S175,33,81,0.94,5,0.82,3.55,1
S176,8,83,0.51,9,0.75,2.41,0
S177,5,60,0.69,17,0.76,3.45,1
S178,17,50,0.76,9,0.96,3.24,1
S179,13,33,0.84,5,0.52,3.79,1
S180,18,33,0.64,5,0.89,3.69,1
S181,13,47,0.63,19,0.53,2.63,1
S182,39,53,0.69,14,0.52,2.55,1
S183,16,66,0.75,3,0.71,3.96,1
S184,34,68,0.98,15,0.53,3.05,1
S185,28,43,0.88,7,0.89,3.81,1
S186,16,84,0.71,6,0.76,2.33,0
S187,7,32,0.53,18,0.51,3.29,1
S188,0,52,0.58,16,0.52,3.62,1
S189,35,49,0.73,12,0.81,3.89,1
S190,6,56,0.91,14,0.9,2.67,1
S191,4,50,0.69,1,0.72,3.45,1
S192,23,56,0.77,9,0.78,3.08,1
S193,27,29,0.95,12,0.9,2.12,0
S194,16,86,0.96,17,0.81,3.38,1
S195,36,74,0.61,10,0.61,3.38,1
S196,19,77,0.52,12,0.81,3.86,1
S197,2,33,0.65,18,0.81,2.99,1
S198,36,45,0.85,4,0.87,2.46,0
S199,25,54,0.98,2,0.81,2.09,0
S200,14,11,0.54,18,0.98,2.83,1
S201,7,37,0.51,12,0.6,2.6,1
S202,12,35,0.94,4,0.98,3.52,1
S203,2,32,0.87,11,0.77,2.71,1
S204,0,88,1.0,13,0.84,3.9,1
S205,8,45,0.7,5,0.55,3.92,1
S206,30,15,0.71,8,0.69,3.24,1
S207,25,44,0.59,16,0.88,3.86,1
S208,16,47,0.56,7,0.85,3.52,1
S209,33,44,0.79,12,0.52,3.09,1
S210,8,83,0.68,4,0.77,2.36,0
S211,12,62,0.54,16,0.54,2.92,1
S212,4,47,0.94,2,1.0,3.12,1
S213,12,68,0.6,5,0.95,3.73,1
S214,0,52,0.87,13,0.51,2.96,1
S215,24,13,0.64,14,0.93,3.8,1
S216,3,14,0.91,13,0.96,3.35,1
S217,35,77,0.56,10,0.68,2.27,0
S218,9,54,0.88,10,0.86,3.99,1
S219,27,89,0.55,8,0.72,3.05,1
S220,5,34,0.72,5,0.83,2.78,1
S221,26,87,0.87,14,0.67,3.32,1
S222,11,20,0.59,11,0.66,2.22,0
S223,2,38,0.64,5,0.71,3.27,1
S224,32,43,0.93,0,0.57,3.0,1
S225,9,23,0.94,15,0.92,2.81,1
S226,30,33,0.52,19,0.67,3.91,1
S227,14,68,0.58,14,0.7,3.05,1
S228,6,48,0.56,1,0.95,2.44,0
S229,35,35,0.59,16,0.75,2.92,1
S230,13,52,0.99,2,0.77,3.84,1
S231,13,45,0.78,2,0.98,2.35,0
S232,2,48,0.73,4,0.94,2.43,0
S233,2,70,0.99,16,0.58,2.03,0
S234,21,25,0.78,16,0.74,2.03,0
S235,18,68,0.83,19,0.99,3.66,1
S236,34,15,0.67,5,0.69,3.46,1
S237,11,65,0.69,0,0.69,2.71,1
S238,4,17,0.8,6,0.6,3.4,1
S239,9,36,0.53,14,0.56,2.79,1
S240,32,80,0.63,6,0.87,3.91,1
S241,12,36,0.6,18,0.89,3.93,1
S242,34,55,0.51,19,0.98,2.79,1
S243,31,50,0.77,10,0.89,3.71,1
S244,10,88,0.78,13,0.62,3.55,1
S245,37,34,0.69,12,0.52,2.62,1
S246,23,27,0.63,19,0.99,2.46,0
S247,34,21,0.83,8,0.67,2.92,1
S248,18,60,0.57,8,0.66,3.56,1
S249,5,48,0.76,15,0.95,3.92,1
S250,39,19,0.88,11,0.79,3.53,1
S251,34,83,0.58,9,0.61,3.71,1
S252,3,86,0.88,5,0.94,3.21,1
S253,32,63,0.88,17,1.0,3.67,1
S254,12,38,0.53,1,0.54,3.57,1
S255,35,50,0.51,19,0.93,2.75,1
S256,18,18,0.99,8,0.7,3.1,1
S257,11,72,0.6,18,0.76,3.61,1
S258,10,86,0.91,5,0.96,2.09,0
S259,5,46,0.78,1,0.99,3.62,1
S260,11,23,0.63,14,0.63,2.36,0
S261,26,82,0.56,16,0.61,3.03,1
S262,24,81,0.75,15,0.54,3.62,1
S263,2,48,0.7,7,0.78,2.51,1
S264,2,49,0.85,9,0.51,2.49,0
S265,19,63,0.95,9,0.71,2.81,1
S266,27,12,0.9,17,0.54,3.79,1
S267,22,64,0.64,9,0.7,2.0,0
S268,2,42,0.94,8,0.52,3.8,1
S269,23,80,0.92,18,0.92,2.31,0
S270,39,28,0.96,0,0.6,3.98,1
S271,5,43,0.73,3,0.66,3.91,1
S272,19,87,0.88,2,0.94,2.99,1
S273,10,59,0.8,9,0.87,3.03,1
S274,31,56,0.66,11,0.61,2.96,1
S275,26,55,1.0,17,0.54,3.27,1
S276,20,65,0.52,19,0.86,2.18,0
S277,12,66,0.58,5,0.7,2.07,0
S278,21,60,0.95,1,0.88,2.12,0
S279,34,63,0.53,9,0.72,2.89,1
S280,21,37,0.94,1,0.67,2.55,1
S281,27,28,0.86,8,0.73,3.24,1
S282,20,36,0.52,9,0.87,3.98,1
S283,17,57,0.71,1,0.95,2.77,1
S284,30,28,0.88,7,0.52,3.15,1
S285,36,60,0.79,16,0.76,2.83,1
S286,20,16,0.97,16,0.52,3.69,1
S287,13,38,0.93,3,0.73,3.8,1
S288,24,52,0.67,17,0.94,3.75,1
S289,26,78,0.54,11,0.68,3.95,1
S290,39,67,0.97,16,0.97,2.06,0
S291,22,17,0.76,8,0.82,3.68,1
S292,30,51,0.54,18,0.97,3.5,1
S293,28,85,0.91,13,0.88,2.46,0
S294,29,51,0.93,13,0.55,3.91,1
S295,25,22,0.82,16,0.62,2.3,0
S296,19,35,0.72,1,0.7,3.36,1
S297,37,27,0.83,7,0.59,2.45,0
S298,18,51,0.85,4,0.75,2.86,1
S299,26,60,0.95,6,0.74,3.44,1
S300,24,25,0.98,15,0.98,3.13,1
S301,39,12,0.76,15,0.72,2.86,1
S302,37,88,0.9,16,0.89,2.65,1
S303,22,54,0.98,6,0.97,3.68,1
S304,28,31,0.58,19,0.94,2.29,0
S305,14,32,0.51,7,0.6,2.86,1
S306,2,68,0.93,7,0.75,3.81,1
S307,9,71,0.6,10,0.67,3.69,1
S308,14,77,0.52,14,0.7,2.8,1
S309,15,63,0.58,17,0.68,3.53,1
S310,16,66,0.69,5,0.91,3.65,1
S311,18,32,0.61,11,0.73,3.78,1
S312,10,69,0.65,14,0.76,3.09,1
S313,4,82,0.99,5,0.99,2.41,0
S314,4,64,0.85,17,0.53,2.51,1
S315,13,89,0.86,19,0.74,2.59,1
S316,25,72,0.55,8,0.89,3.19,1
S317,7,65,0.87,7,0.58,2.07,0
S318,4,64,0.87,13,0.81,3.27,1
S319,6,34,0.83,18,0.62,2.73,1
S320,15,35,0.61,18,0.93,2.59,1
S321,13,58,0.71,7,0.66,3.76,1
S322,36,72,0.92,1,0.66,2.92,1
S323,3,54,0.84,3,0.8,2.19,0
S324,35,82,0.87,5,0.59,3.65,1
S325,16,88,0.79,2,0.64,2.1,0
S326,35,48,0.72,2,0.71,3.45,1
S327,5,74,0.88,18,0.68,3.55,1
S328,15,78,0.53,10,0.76,2.71,1
S329,28,65,0.84,9,0.8,3.65,1
S330,35,18,1.0,11,0.78,3.03,1
S331,37,79,0.89,13,0.83,2.93,1
S332,36,37,0.65,17,0.65,2.09,0
S333,9,54,0.64,8,0.56,2.58,1
S334,35,35,0.83,14,0.88,3.86,1
S335,28,37,0.95,2,0.93,2.78,1
S336,13,49,0.79,10,0.63,3.09,1
S337,3,24,0.76,9,0.7,3.06,1
S338,35,15,0.58,17,0.75,3.18,1
S339,12,36,0.86,3,0.77,2.12,0
S340,17,47,0.85,12,0.83,2.72,1
S341,32,77,0.98,5,0.52,3.45,1
S342,20,84,0.65,12,0.86,2.4,0
S343,15,73,0.88,19,0.53,2.41,0
S344,14,39,0.72,4,0.73,2.02,0
S345,4,12,0.78,19,0.91,2.87,1
S346,5,71,0.91,13,0.73,3.77,1
S347,37,21,0.61,12,0.57,2.1,0
S348,2,39,0.67,13,0.99,2.38,0
S349,11,47,0.89,7,0.94,2.62,1
S350,35,69,0.79,15,0.89,3.46,1
S351,32,47,0.55,12,0.71,3.28,1
S352,35,24,0.72,14,0.59,2.83,1
S353,32,27,0.79,18,0.97,3.52,1
S354,30,61,0.95,0,0.77,3.22,1
S355,20,38,0.59,1,0.93,3.79,1
S356,26,69,0.9,17,0.67,3.64,1
S357,26,30,0.57,18,0.67,2.51,1
S358,7,26,0.62,7,0.99,2.54,1
S359,36,27,0.62,2,0.76,2.25,0
S360,31,66,0.94,13,0.57,2.67,1
S361,25,46,0.6,8,0.61,4.0,1
S362,1,69,0.89,7,0.74,2.81,1
S363,11,47,0.73,16,0.52,2.44,0
S364,21,21,1.0,15,0.73,3.52,1
S365,16,84,0.92,9,0.71,3.08,1
S366,6,82,0.87,9,0.89,2.3,0
S367,3,10,0.94,5,0.68,2.76,1
S368,36,67,0.82,16,0.99,2.83,1
S369,37,12,0.92,15,0.59,3.51,1
S370,31,72,0.63,14,0.8,2.04,0
S371,10,30,0.55,13,0.54,2.54,1
S372,0,32,0.81,3,0.87,3.04,1
S373,24,18,0.72,3,1.0,2.54,1
S374,23,64,0.71,1,0.91,3.26,1
S375,16,28,0.76,10,0.78,2.96,1
S376,7,71,0.68,3,0.74,2.72,1
S377,26,48,0.81,15,0.92,3.9,1
S378,17,85,0.52,3,0.97,3.26,1
S379,26,36,0.98,0,0.99,2.26,0
S380,21,55,0.96,18,0.7,3.12,1
S381,15,43,0.97,1,1.0,3.56,1
S382,1,42,0.68,8,0.58,3.42,1
S383,4,59,0.77,12,0.63,2.34,0
S384,17,29,0.98,17,0.54,3.94,1
S385,2,49,0.95,15,0.64,2.9,1
S386,26,67,0.9,15,0.88,2.32,0
S387,16,40,0.7,9,0.93,2.36,0
S388,15,47,0.78,8,0.89,2.2,0
S389,5,54,0.9,10,0.82,3.61,1
S390,6,50,0.64,3,0.76,2.24,0
S391,13,18,0.81,9,0.85,2.25,0
S392,37,18,0.91,2,0.7,3.7,1
S393,39,72,0.85,5,0.92,2.69,1
S394,14,88,0.74,2,0.84,2.06,0
S395,32,86,0.79,8,0.85,2.1,0
S396,26,31,0.99,2,0.77,2.28,0
S397,28,25,0.8,17,0.94,2.43,0
S398,36,41,0.89,7,0.63,3.33,1
S399,4,75,0.86,7,0.69,2.31,0
S400,28,23,0.85,14,0.89,2.24,0
S401,31,47,0.86,12,0.75,3.53,1
S402,5,17,0.73,6,0.94,3.34,1
S403,1,30,0.74,18,0.67,2.87,1
S404,5,65,0.73,7,0.68,3.1,1
S405,3,55,0.52,9,0.94,2.62,1
S406,28,52,0.62,16,0.73,2.97,1
S407,24,55,0.58,0,0.76,3.01,1
S408,8,57,0.94,12,0.67,2.77,1
S409,2,79,0.64,12,0.64,3.81,1
S410,25,40,0.57,15,0.83,2.03,0
S411,26,42,0.56,8,0.56,3.56,1
S412,35,53,0.85,9,0.94,2.25,0
S413,31,80,0.5,5,0.89,3.6,1
S414,0,17,0.74,4,0.6,3.23,1
S415,15,82,0.56,1,0.85,3.69,1
S416,10,11,0.92,10,0.8,2.2,0
S417,25,26,0.98,8,0.59,3.12,1
S418,39,61,0.98,5,0.64,3.0,1
S419,0,54,0.72,7,0.7,3.41,1
S420,25,46,0.82,8,0.85,3.07,1
S421,27,51,0.8,8,0.82,3.08,1
S422,8,53,0.68,7,0.77,2.86,1
S423,21,47,0.72,11,0.88,2.62,1
S424,7,15,0.53,7,0.88,2.96,1
S425,26,77,0.9,2,0.81,2.24,0
S426,38,60,0.62,12,0.89,3.92,1
S427,18,44,0.73,18,0.67,3.43,1
S428,24,67,0.74,1,0.94,3.9,1
S429,37,66,0.78,16,0.81,2.45,0
S430,20,82,0.91,15,0.91,3.76,1
S431,23,15,0.85,3,0.77,3.62,1
S432,23,22,0.83,17,0.61,3.35,1
S433,18,68,0.76,13,0.77,3.25,1
S434,1,39,0.55,1,0.69,2.63,1
S435,13,11,0.7,12,0.85,3.63,1
S436,31,67,0.98,19,0.74,3.0,1
S437,31,45,1.0,16,0.92,2.14,0
S438,27,81,0.87,14,0.84,2.63,1
S439,38,54,0.61,19,0.84,3.87,1
S440,39,18,0.55,4,0.61,3.7,1
S441,39,74,0.71,6,0.99,3.96,1
S442,12,86,0.93,17,0.92,3.26,1
S443,11,59,0.86,10,0.89,2.5,1
S444,7,88,0.94,17,0.67,2.33,0
S445,14,41,0.81,4,0.77,2.37,0
S446,25,52,0.57,12,0.57,2.04,0
S447,11,87,0.56,17,0.77,2.78,1
S448,26,63,0.52,1,0.57,2.38,0
S449,17,56,0.78,19,0.78,2.82,1
S450,35,23,0.62,3,0.82,3.87,1
S451,26,57,0.87,12,0.7,2.86,1
S452,8,64,0.84,15,0.75,3.76,1
S453,38,38,0.66,5,0.94,3.21,1
S454,0,56,0.59,7,0.55,2.49,0
S455,6,72,0.55,15,0.9,2.71,1
S456,25,28,0.87,12,0.59,2.17,0
S457,6,18,0.73,3,0.52,2.67,1
S458,6,46,0.66,1,0.59,3.36,1
S459,7,61,0.93,8,0.88,2.14,0
S460,15,66,0.8,17,0.7,2.41,0
S461,2,37,0.76,16,0.94,2.76,1
S462,9,45,0.87,7,0.76,3.96,1
S463,6,73,0.91,14,0.51,3.57,1
S464,20,27,0.84,8,0.86,3.47,1
S465,36,44,0.72,16,0.56,2.23,0
S466,30,77,0.69,1,0.89,3.56,1
S467,22,87,0.89,5,0.58,3.57,1
S468,26,48,0.76,4,0.67,3.2,1
S469,21,17,0.85,16,0.88,3.98,1
S470,38,89,0.95,1,0.98,2.65,1
S471,26,24,0.96,17,0.69,3.88,1
S472,3,16,0.64,9,0.91,3.83,1
S473,23,26,0.59,9,0.6,2.02,0
S474,22,73,0.63,5,0.9,2.9,1
S475,18,21,0.88,11,0.83,3.95,1
S476,2,65,0.69,16,0.6,2.21,0
S477,26,55,0.59,12,0.65,3.1,1
S478,2,56,0.55,19,0.57,3.96,1
S479,27,88,0.66,15,0.69,3.11,1
S480,16,25,0.57,9,0.6,2.38,0
S481,30,78,0.58,1,0.82,3.16,1
S482,9,11,0.84,1,1.0,2.41,0
S483,21,63,0.51,6,0.51,3.04,1
S484,29,36,0.56,5,0.77,2.15,0
S485,20,40,0.92,0,0.79,3.21,1
S486,35,50,0.92,11,0.96,3.03,1
S487,22,45,0.66,12,0.75,3.48,1
S488,37,56,0.54,11,0.77,3.26,1
S489,11,52,0.85,18,0.74,3.1,1
S490,24,74,0.68,8,0.63,3.38,1
S491,19,59,0.52,9,0.53,2.29,0
S492,6,10,0.58,16,0.7,3.19,1
S493,28,81,0.57,17,0.53,2.34,0
S494,28,66,0.79,7,0.78,3.85,1
S495,12,25,0.95,6,0.65,2.14,0
S496,2,37,0.9,8,0.77,2.86,1
S497,1,31,0.77,9,0.57,3.39,1
S498,15,50,0.71,11,0.97,2.92,1
S499,29,85,0.81,14,0.95,2.18,0
S500,37,28,0.72,14,0.59,3.11,1
S501,5,59,0.62,3,0.67,3.28,1
S502,6,68,0.84,3,0.81,3.41,1
S503,4,78,0.94,0,0.55,2.75,1
S504,6,43,0.69,11,0.68,3.13,1
S505,33,48,0.92,1,0.63,2.9,1
S506,31,83,0.72,14,0.96,3.34,1
S507,12,16,0.7,16,0.93,3.17,1
S508,29,61,0.51,6,0.79,3.05,1
S509,24,69,0.85,5,0.76,2.5,1
S510,20,61,0.9,11,0.97,2.0,0
S511,20,88,0.83,18,0.97,2.35,0
S512,27,33,0.58,0,0.98,2.23,0
S513,19,35,0.55,13,0.56,2.9,1
S514,33,19,0.79,3,0.58,3.22,1
S515,4,26,0.7,4,0.84,2.43,0
S516,17,87,0.71,0,0.77,3.88,1
S517,38,11,0.98,0,0.51,2.01,0
S518,10,86,0.86,5,0.53,3.54,1
S519,16,36,0.71,4,0.94,3.25,1
S520,21,82,0.51,1,0.93,2.75,1
S521,36,80,0.52,4,0.68,2.1,0
S522,19,57,0.84,8,0.95,3.25,1
S523,5,83,0.92,18,0.8,2.77,1
S524,33,18,0.85,14,0.9,3.87,1
S525,13,32,0.7,12,0.71,3.08,1
S526,22,80,0.52,11,0.56,3.88,1
S527,19,82,0.98,4,0.72,2.44,0
S528,12,36,0.99,1,0.73,3.45,1
S529,31,80,0.77,3,0.78,3.23,1
S530,25,52,0.54,17,0.55,3.48,1
S531,13,16,0.77,9,1.0,2.43,0
S532,35,72,0.95,12,0.62,3.33,1
S533,7,53,0.84,11,0.6,3.0,1
S534,39,48,0.86,1,0.76,3.49,1
S535,21,49,0.54,14,0.77,2.65,1
S536,21,16,0.55,13,0.72,3.78,1
S537,15,79,0.56,9,0.89,2.17,0
S538,26,34,0.95,7,0.76,3.61,1
S539,9,68,0.76,14,0.8,3.72,1
S540,24,22,0.9,12,0.86,3.63,1
S541,30,71,0.56,7,0.51,3.03,1
S542,20,17,0.96,13,0.79,2.88,1
S543,26,54,0.91,0,0.94,3.99,1
S544,16,27,0.61,12,0.51,2.46,0
S545,32,69,0.94,7,0.7,3.09,1
S546,30,69,0.63,17,0.96,3.34,1
S547,25,11,0.6,8,0.68,3.4,1
S548,20,75,0.63,12,0.73,2.41,0
S549,35,23,0.95,2,0.99,3.31,1
S550,0,57,0.96,17,0.6,3.64,1
S551,3,65,0.66,9,0.53,2.1,0
S552,3,21,0.85,4,0.93,3.82,1
S553,25,64,0.84,5,0.93,2.06,0
S554,3,37,0.9,7,0.74,2.71,1
S555,8,13,0.65,6,0.76,2.03,0
S556,29,45,0.76,17,0.92,2.15,0
S557,3,59,0.83,13,0.87,3.82,1
S558,4,12,0.51,14,0.63,2.71,1
S559,22,10,0.69,9,0.51,2.85,1
S560,15,26,0.85,11,0.74,2.43,0
S561,21,80,0.63,6,0.93,3.19,1
S562,36,71,0.98,6,0.95,3.19,1
S563,7,57,0.52,10,0.98,2.74,1
S564,32,71,0.98,12,0.94,2.67,1
S565,37,78,0.61,14,0.79,3.77,1
S566,15,28,0.52,17,0.72,2.77,1
S567,4,43,0.65,6,0.89,2.99,1
S568,15,58,0.89,5,0.87,2.57,1
S569,6,89,0.88,10,0.77,3.57,1
S570,0,56,0.6,7,0.54,2.79,1
S571,8,59,0.6,19,0.96,3.03,1
S572,17,35,0.82,0,0.73,2.51,1
S573,2,65,0.73,7,0.68,3.98,1
S574,23,87,0.9,7,0.81,2.58,1
S575,27,23,0.51,18,0.84,3.54,1
S576,9,87,0.81,2,0.61,2.85,1
S577,8,34,0.87,4,0.92,2.41,0
S578,12,13,1.0,2,0.64,3.6,1
S579,34,88,0.84,14,0.59,2.67,1
S580,22,41,0.62,13,0.7,3.73,1
S581,16,87,0.55,14,0.87,3.83,1
S582,6,74,0.82,16,0.98,3.72,1
S583,15,70,0.76,17,0.9,2.07,0
S584,39,29,0.95,1,0.97,3.57,1
S585,35,83,0.86,11,0.57,2.82,1
S586,19,19,0.75,15,0.54,3.75,1
S587,23,43,0.7,3,0.78,3.28,1
S588,4,70,0.7,1,0.65,3.67,1
S589,5,36,0.61,13,0.91,3.0,1
S590,27,49,0.51,10,0.84,3.07,1
S591,4,74,0.79,12,0.99,2.29,0
S592,38,42,0.61,6,0.63,3.57,1
S593,37,77,0.6,9,0.74,2.84,1
S594,1,80,0.56,0,0.75,3.0,1
S595,38,18,0.59,3,0.62,3.57,1
S596,20,25,0.52,17,0.8,3.2,1
S597,39,14,0.84,5,0.72,2.4,0
S598,36,32,0.7,1,0.72,3.18,1
S599,17,52,0.78,2,0.68,2.82,1
S600,11,66,0.82,13,0.51,2.94,1
S601,16,60,0.99,7,0.76,2.06,0
S602,36,22,0.53,15,0.67,2.42,0
S603,37,33,0.71,18,0.5,2.56,1
S604,14,20,0.62,17,0.65,3.43,1
S605,6,61,0.74,5,0.64,2.02,0
S606,13,26,0.96,13,0.7,2.82,1
S607,0,46,0.86,2,0.57,3.85,1
S608,37,22,0.83,15,0.75,2.22,0
S609,2,71,0.72,0,0.85,3.03,1
S610,36,17,0.84,11,0.82,3.57,1
S611,30,65,0.52,13,0.9,3.89,1
S612,12,79,0.79,18,0.73,3.49,1
S613,17,53,0.78,18,0.76,3.44,1
S614,16,69,0.67,8,0.91,3.65,1
S615,16,50,0.6,6,0.71,2.89,1
S616,10,30,0.9,13,0.85,3.61,1
S617,19,51,0.53,4,0.72,2.02,0
S618,9,83,0.53,17,0.71,3.85,1
S619,28,83,0.72,8,0.88,2.89,1
S620,33,38,0.63,6,0.59,3.11,1
S621,16,89,0.87,8,0.67,2.51,1
S622,12,74,0.82,3,0.61,3.49,1
S623,38,26,0.89,16,0.68,2.15,0
S624,26,39,0.66,11,0.62,3.75,1
S625,25,35,0.87,5,0.79,3.66,1
S626,27,62,0.93,17,0.9,2.43,0
S627,12,28,0.67,7,0.89,3.62,1
S628,11,62,0.67,14,0.68,3.57,1
S629,27,26,0.95,2,0.99,3.26,1
S630,1,55,0.52,1,0.8,2.75,1
S631,36,62,0.68,8,0.7,2.54,1
S632,33,73,0.56,7,0.92,2.46,0
S633,22,54,0.51,3,0.86,2.64,1
S634,28,58,0.56,1,0.87,3.81,1
S635,34,28,0.72,13,0.6,2.16,0
S636,10,80,0.84,1,0.73,3.66,1
S637,32,74,0.64,1,0.93,2.7,1
S638,10,46,0.92,6,0.75,3.04,1
S639,8,79,0.72,11,0.84,3.59,1
S640,13,35,0.98,5,0.79,3.77,1
S641,8,11,0.98,17,0.92,2.69,1
S642,38,68,0.89,3,0.64,2.92,1
S643,2,14,0.97,18,0.79,2.83,1
S644,28,46,0.85,12,0.56,2.03,0
S645,18,40,0.95,19,0.85,2.59,1
S646,35,85,0.62,1,0.87,2.92,1
S647,31,57,0.67,7,0.52,2.82,1
S648,6,15,0.88,18,0.84,3.44,1
S649,27,24,0.71,8,0.71,2.77,1
S650,17,24,0.92,3,0.56,2.98,1
S651,4,70,0.94,15,0.71,2.86,1
S652,22,25,0.65,18,0.6,3.48,1
S653,21,29,0.91,9,0.71,3.73,1
S654,25,86,0.58,5,0.69,3.06,1
S655,11,53,0.67,15,0.87,3.58,1
S656,39,51,0.76,9,0.89,2.59,1
S657,18,55,0.61,12,0.8,3.08,1
S658,0,43,0.79,8,0.51,2.69,1
S659,2,73,0.79,6,0.97,2.83,1
S660,26,38,0.6,3,0.84,3.46,1
S661,17,12,0.9,18,0.52,3.76,1
S662,29,18,0.82,3,0.91,2.24,0
S663,1,84,0.66,18,0.6,3.27,1
S664,4,84,0.62,18,0.79,3.16,1
S665,28,34,0.94,11,0.73,2.24,0
S666,32,51,0.92,12,0.71,2.42,0
S667,19,55,0.61,3,0.94,2.62,1
S668,29,82,0.52,9,0.72,2.33,0
S669,4,68,0.9,6,0.54,2.49,0
S670,20,30,0.81,4,0.97,2.54,1
S671,14,83,0.55,16,0.96,2.67,1
S672,19,31,0.79,17,0.84,3.5,1
S673,7,38,0.73,10,0.73,3.14,1
S674,30,72,0.89,14,0.55,3.97,1
S675,11,82,0.6,6,0.9,2.83,1
S676,20,70,0.73,17,0.54,3.51,1
S677,29,73,0.58,5,0.53,3.74,1
S678,26,78,0.98,17,0.77,3.36,1
S679,25,49,0.89,15,0.58,2.82,1
S680,32,84,0.87,1,0.5,3.51,1
S681,25,10,0.85,18,0.71,2.41,0
S682,25,74,0.71,0,0.57,2.66,1
S683,35,71,0.96,10,0.58,3.09,1
S684,39,63,0.54,19,0.54,3.15,1
S685,0,69,0.9,4,0.6,2.04,0
S686,14,55,0.61,15,0.86,3.89,1
S687,0,14,0.66,0,0.9,3.39,1
S688,10,31,0.76,18,0.73,2.99,1
S689,1,62,0.89,13,0.75,3.87,1
S690,0,79,0.92,2,0.52,2.88,1
S691,30,41,0.79,1,0.53,3.96,1
S692,15,20,0.7,4,0.63,3.02,1
S693,21,19,0.97,16,0.77,2.23,0
S694,17,48,0.62,17,0.87,3.53,1
S695,16,40,0.9,0,0.8,3.36,1
S696,29,21,0.81,14,0.7,3.55,1
S697,9,89,0.69,8,0.56,3.9,1
S698,34,47,0.5,4,0.89,3.55,1
S699,20,76,0.72,12,0.68,3.22,1
S700,15,75,0.64,18,0.87,3.71,1
S701,5,61,0.55,9,0.76,3.35,1
S702,2,14,0.54,19,0.87,2.82,1
S703,20,20,0.67,13,0.95,3.77,1
S704,12,34,0.81,11,0.96,2.44,0
S705,17,44,0.92,10,0.77,3.43,1
S706,23,44,0.59,6,0.76,3.76,1
S707,26,31,0.71,16,0.63,3.46,1
S708,3,46,0.7,17,0.97,3.39,1
S709,21,64,0.76,6,0.73,3.51,1
S710,23,84,0.9,19,0.56,2.93,1
S711,39,81,0.78,5,0.72,3.75,1
S712,9,73,0.92,10,0.56,2.41,0
S713,1,29,0.76,11,0.75,2.25,0
S714,39,13,0.8,15,0.78,2.57,1
S715,5,27,0.72,18,0.67,3.06,1
S716,17,60,0.91,18,0.54,3.02,1
S717,16,77,0.96,10,0.97,3.64,1
S718,37,29,0.82,15,0.89,2.81,1
S719,22,18,0.91,11,0.92,2.97,1
S720,29,89,0.53,7,0.68,2.03,0
S721,20,35,0.95,2,0.88,2.82,1
S722,9,34,0.59,1,0.74,3.3,1
S723,12,77,0.63,5,0.6,2.03,0
S724,11,50,0.53,15,0.56,2.56,1
S725,8,68,0.98,19,0.67,2.42,0
S726,3,54,0.93,14,0.57,2.08,0
S727,38,50,0.96,13,1.0,2.96,1
S728,23,47,0.92,1,0.52,2.36,0
S729,33,28,0.74,19,0.72,3.49,1
S730,38,23,0.96,17,0.73,3.7,1
S731,4,30,0.98,13,0.65,3.09,1
S732,14,24,0.75,17,0.79,3.96,1
S733,3,12,0.59,1,0.57,2.9,1
S734,38,46,0.83,0,0.89,3.03,1
S735,7,55,0.99,19,0.67,3.98,1
S736,23,25,0.94,1,0.8,2.46,0
S737,27,23,0.93,8,0.86,3.89,1
S738,26,18,0.97,8,0.94,2.09,0
S739,0,16,0.95,15,0.92,2.89,1
S740,33,23,0.89,10,0.8,2.14,0
S741,16,15,0.86,5,0.69,3.46,1
S742,36,24,0.63,11,0.75,3.22,1
S743,37,61,0.81,2,0.88,3.41,1
S744,25,81,0.76,11,0.94,2.75,1
S745,23,43,0.93,0,0.55,2.74,1
S746,38,10,0.75,8,0.69,2.09,0
S747,20,78,0.56,19,0.89,2.7,1
S748,29,29,0.5,5,0.72,3.86,1
S749,12,89,0.84,10,0.67,2.76,1
S750,36,16,0.77,2,0.71,3.66,1
S751,2,16,0.67,3,0.8,3.68,1
S752,31,59,0.58,9,1.0,2.75,1
S753,34,11,0.73,18,0.75,3.26,1
S754,18,56,0.55,5,0.6,2.19,0
S755,13,23,0.67,0,0.58,2.21,0
S756,21,40,0.69,7,0.52,2.1,0
S757,16,59,0.73,7,0.78,3.16,1
S758,3,70,0.73,5,0.77,2.85,1
S759,39,50,0.63,16,0.6,3.1,1
S760,18,23,0.93,18,0.85,3.04,1
S761,36,14,0.68,0,0.87,2.7,1
S762,1,84,0.61,14,0.63,3.35,1
S763,14,14,0.59,12,0.67,3.52,1
S764,1,73,0.66,2,1.0,2.03,0
S765,10,38,0.53,1,0.69,2.41,0
S766,22,84,0.52,2,0.88,3.43,1
S767,9,14,0.8,8,0.73,2.77,1
S768,2,45,0.81,15,0.9,3.32,1
S769,4,88,0.76,12,0.88,2.69,1
S770,2,28,0.88,18,0.83,2.78,1
S771,37,73,0.52,17,0.93,2.32,0
S772,12,31,0.97,11,0.97,2.52,1
S773,18,43,0.55,11,0.79,3.21,1
S774,39,65,0.84,0,0.62,2.87,1
S775,34,26,0.57,19,0.7,3.55,1
S776,23,85,0.94,7,0.88,3.71,1
S777,23,65,0.76,16,0.83,3.08,1
S778,16,26,0.54,19,0.59,3.52,1
S779,39,83,0.81,6,0.53,2.61,1
S780,9,27,0.5,8,0.84,2.83,1
S781,1,54,0.89,16,0.63,3.43,1
S782,22,87,0.83,9,0.75,2.77,1
S783,5,65,0.61,3,0.87,3.18,1
S784,1,89,0.69,6,0.78,2.37,0
S785,20,59,0.5,6,0.54,3.2,1
S786,34,67,0.85,7,0.59,3.72,1
S787,28,27,0.66,7,0.61,3.74,1
S788,6,89,0.79,15,0.63,3.45,1
S789,28,16,0.98,11,0.78,3.49,1
S790,36,85,0.65,14,0.75,3.12,1
S791,22,19,1.0,7,0.6,3.17,1
S792,32,78,0.82,8,0.53,2.27,0
S793,7,12,0.62,2,0.59,2.89,1
S794,11,53,0.72,15,0.99,2.9,1
S795,9,79,0.87,14,0.73,3.92,1
S796,14,23,0.72,3,0.93,2.86,1
S797,23,13,0.53,19,0.92,3.1,1
S798,25,27,0.58,15,0.76,3.07,1
S799,38,61,0.9,9,0.85,3.27,1
S800,2,47,0.82,10,0.6,3.5,1
S801,1,89,0.78,4,0.84,2.45,0
S802,5,29,0.58,10,0.64,3.06,1
S803,20,53,0.92,12,0.92,3.65,1
S804,8,60,0.98,14,0.54,2.93,1
S805,9,28,0.52,5,0.89,2.56,1
S806,35,77,0.54,15,0.55,3.31,1
S807,2,75,0.94,14,0.94,3.65,1
S808,23,22,0.91,10,0.65,2.13,0
S809,21,71,0.81,19,0.83,3.55,1
S810,13,70,0.97,1,0.74,3.64,1
S811,26,39,0.82,1,0.68,2.92,1
S812,32,39,0.61,11,0.82,3.97,1
S813,21,60,0.86,15,0.97,3.57,1
S814,28,57,0.82,18,0.52,3.55,1
S815,18,42,0.99,1,0.96,3.5,1
S816,18,83,0.61,16,0.8,2.3,0
S817,5,28,0.8,13,0.9,2.43,0
S818,18,80,0.89,15,0.69,2.93,1
S819,12,66,0.67,4,0.74,2.53,1
S820,25,28,0.69,9,0.93,2.83,1
S821,21,88,0.94,16,0.71,3.78,1
S822,20,50,0.7,12,0.77,3.65,1
S823,35,51,0.81,15,0.51,3.26,1
S824,1,61,0.94,8,0.58,3.72,1
S825,29,13,0.6,3,0.82,3.57,1
S826,26,13,0.99,15,0.86,2.86,1
S827,6,14,0.85,10,0.79,2.4,0
S828,19,50,0.75,6,0.57,3.03,1
S829,30,70,0.72,16,0.72,3.47,1
S830,22,84,0.98,12,0.68,2.87,1
S831,12,64,0.6,3,0.75,3.33,1
S832,16,84,0.66,13,0.94,2.19,0
S833,3,22,0.65,9,0.89,3.5,1
S834,13,23,0.64,9,0.54,3.63,1
S835,19,69,0.73,9,0.95,3.41,1
S836,12,81,0.99,11,0.74,3.93,1
S837,2,34,0.94,1,0.87,3.65,1
S838,25,53,0.66,8,0.57,3.81,1
S839,25,19,0.71,4,0.84,3.87,1
S840,17,80,0.83,7,0.62,3.6,1
S841,31,59,0.51,13,0.72,3.35,1
S842,13,53,0.91,6,0.51,2.01,0
S843,2,23,0.94,6,0.58,2.93,1
S844,0,24,0.93,8,0.55,3.14,1
S845,25,25,0.69,2,0.62,2.61,1
S846,23,11,0.73,13,0.55,2.64,1
S847,34,39,0.51,16,0.85,3.92,1
S848,13,39,0.7,17,0.51,3.78,1
S849,2,40,0.73,11,0.81,3.7,1
S850,12,86,0.95,13,0.57,2.81,1
S851,13,29,0.95,12,0.97,2.03,0
S852,20,58,0.98,13,0.97,2.16,0
S853,25,44,0.94,8,0.61,2.62,1
S854,2,32,0.5,18,0.81,2.03,0
S855,39,70,0.82,1,0.51,2.03,0
S856,3,64,0.53,10,0.97,3.83,1
S857,35,76,0.64,16,0.76,3.41,1
S858,0,17,0.79,1,0.52,2.62,1
S859,39,49,0.85,18,0.67,2.27,0
S860,32,68,0.83,6,0.54,3.02,1
S861,6,41,0.52,17,0.7,2.01,0
S862,10,16,0.55,12,0.83,3.88,1
S863,26,11,0.56,4,0.73,2.83,1
S864,13,15,0.55,17,0.69,2.8,1
S865,21,45,0.59,15,0.56,2.78,1
S866,15,41,0.84,14,0.62,2.14,0
S867,11,54,0.92,7,0.55,3.28,1
S868,9,51,0.7,14,0.9,3.47,1
S869,23,62,0.85,0,0.57,3.35,1
S870,17,18,0.6,16,0.8,2.28,0
S871,21,84,0.99,14,0.67,3.16,1
S872,8,84,0.67,13,0.61,3.14,1
S873,16,58,0.92,13,0.82,3.74,1
S874,37,11,0.97,9,0.73,2.76,1
S875,39,76,0.93,1,0.7,2.74,1
S876,12,20,0.53,5,0.8,3.24,1
S877,36,59,0.83,16,0.75,3.27,1
S878,5,44,0.56,4,0.65,2.94,1
S879,20,24,0.5,4,0.78,2.89,1
S880,35,84,0.53,14,0.83,2.99,1
S881,6,40,0.96,14,0.51,3.72,1
S882,35,71,0.95,19,0.73,2.92,1
S883,24,37,0.61,10,0.53,3.88,1
S884,10,34,0.77,4,0.59,3.01,1
S885,13,34,0.98,0,0.78,3.9,1
S886,28,84,0.75,10,0.93,3.67,1
S887,9,10,0.7,10,0.94,2.72,1
S888,4,68,0.74,5,0.53,3.73,1
S889,7,78,0.9,7,0.71,2.22,0
S890,4,83,0.74,1,0.79,3.85,1
S891,23,51,0.89,14,0.57,3.26,1
S892,39,43,0.72,8,0.88,2.11,0
S893,25,75,0.63,14,0.87,3.29,1
S894,5,27,0.66,7,0.95,3.95,1
S895,15,86,0.54,15,0.5,2.14,0
S896,35,14,0.75,13,0.61,3.11,1
S897,11,29,0.57,14,0.91,3.5,1
S898,10,75,0.91,19,0.84,3.62,1
S899,2,84,0.71,12,0.95,2.83,1
S900,36,71,0.88,8,0.53,2.41,0
S901,5,41,0.98,0,0.8,2.08,0
S902,18,67,0.92,5,0.78,3.16,1
S903,17,59,0.98,7,0.52,2.91,1
S904,15,47,0.78,19,0.76,3.9,1
S905,22,64,0.58,17,0.8,2.12,0
S906,36,37,0.97,17,0.6,3.37,1
S907,8,83,0.93,16,0.64,2.05,0
S908,2,31,0.93,15,0.82,2.34,0
S909,7,52,0.85,12,0.73,2.91,1
S910,37,45,0.81,3,0.93,2.91,1
S911,3,61,0.51,3,0.67,3.37,1
S912,11,45,0.87,13,0.63,3.82,1
S913,30,37,0.55,4,0.99,3.28,1
S914,24,87,0.63,15,0.96,3.91,1
S915,15,67,0.78,13,0.51,3.76,1
S916,13,45,0.73,13,0.89,3.17,1
S917,12,79,0.51,13,0.56,3.67,1
S918,6,18,0.91,13,0.51,3.29,1
S919,11,30,0.94,18,0.64,2.16,0
S920,36,73,0.84,2,0.63,3.48,1
S921,3,85,0.77,16,0.91,2.19,0
S922,1,70,0.98,13,0.86,3.19,1
S923,34,49,0.56,9,0.99,3.41,1
S924,2,65,0.87,12,0.86,2.13,0
S925,3,13,0.56,3,0.71,2.46,0
S926,37,40,0.69,10,0.85,3.83,1
S927,11,36,0.79,14,1.0,3.23,1
S928,18,67,0.87,14,0.86,2.49,0
S929,9,34,0.5,1,0.88,3.38,1
S930,0,78,0.63,10,0.97,3.19,1
S931,16,79,0.77,1,0.56,3.0,1
S932,15,14,0.77,4,0.85,3.95,1
S933,8,17,0.82,12,0.93,3.37,1
S934,8,18,0.65,0,0.98,2.75,1
S935,8,24,0.77,6,0.61,3.6,1
S936,11,16,0.59,6,0.75,3.77,1
S937,14,81,0.59,9,0.84,2.25,0
S938,1,24,0.79,5,0.62,2.4,0
S939,10,46,0.84,19,0.8,2.43,0
S940,10,48,0.56,11,0.63,3.38,1
S941,7,15,0.56,12,0.67,3.21,1
S942,31,66,0.78,10,0.72,3.24,1
S943,5,28,0.64,17,0.76,3.88,1
S944,19,72,0.7,1,0.72,3.55,1
S945,38,40,0.7,15,0.75,2.26,0
S946,34,84,0.59,1,0.65,2.7,1
S947,7,88,0.5,18,0.58,2.87,1
S948,33,19,0.93,5,0.52,2.79,1
S949,18,76,0.86,0,0.6,3.34,1
S950,6,71,0.85,10,0.79,3.78,1
S951,30,12,0.77,17,0.89,2.61,1
S952,17,27,0.85,9,0.58,3.1,1
S953,39,34,0.97,17,0.55,3.58,1
S954,13,29,0.83,0,0.87,2.83,1
S955,38,67,0.63,18,0.65,2.34,0
S956,35,59,0.79,15,0.98,2.95,1
S957,16,88,0.72,6,0.86,2.11,0
S958,36,19,0.78,14,0.66,3.88,1
S959,8,30,0.76,0,0.64,2.15,0
S960,19,38,0.93,8,0.76,2.88,1
S961,27,19,0.83,1,0.54,3.06,1
S962,19,22,0.59,16,0.56,3.97,1
S963,35,56,0.53,9,0.59,2.33,0
S964,26,32,0.71,5,0.89,2.23,0
S965,7,59,0.51,4,0.76,2.02,0
S966,31,13,0.66,7,0.51,2.31,0
S967,0,76,0.68,7,0.84,2.41,0
S968,16,62,0.69,4,0.71,3.26,1
S969,8,11,0.99,11,0.76,2.44,0
S970,19,77,0.65,6,0.61,2.04,0
S971,31,74,0.63,12,0.78,3.65,1
S972,1,88,0.56,12,0.99,2.73,1
S973,31,66,0.76,16,0.54,2.71,1
S974,8,79,0.58,3,0.64,2.6,1
S975,29,16,0.81,17,0.62,3.95,1
S976,19,28,0.58,9,0.62,2.34,0
S977,37,53,0.79,2,0.69,3.8,1
S978,0,72,0.91,11,0.91,3.55,1
S979,4,74,0.52,0,0.96,2.15,0
S980,34,48,0.71,10,0.6,3.97,1
S981,35,35,0.73,17,0.77,2.54,1
S982,0,53,0.9,12,0.82,2.2,0
S983,13,21,0.73,16,0.76,3.66,1
S984,8,31,0.78,7,0.72,3.41,1
S985,29,86,0.9,19,0.6,3.23,1
S986,23,23,0.78,18,0.74,2.31,0
S987,3,39,0.68,16,0.7,2.96,1
S988,13,53,0.54,1,0.9,3.56,1
S989,24,47,0.86,2,0.88,2.61,1
S990,3,68,0.94,2,0.57,2.62,1
S991,24,51,0.99,5,0.54,2.01,0
S992,9,61,0.96,9,0.95,2.35,0
S993,34,72,0.9,17,0.77,3.75,1
S994,6,70,0.82,17,0.93,2.88,1
S995,12,43,0.89,13,0.53,3.97,1
S996,3,48,0.72,15,0.76,2.79,1
S997,35,50,0.8,6,0.77,3.43,1
S998,13,46,0.67,0,0.93,2.56,1
S999,17,74,0.66,16,0.55,2.73,1
S1000,7,88,0.88,4,0.62,2.38,0
S1001,31,41,0.73,0,0.7,2.69,1
S1002,26,17,0.61,16,0.93,3.09,1
S1003,36,27,0.6,9,0.97,3.98,1
S1004,22,54,0.93,11,1.0,3.33,1
S1005,6,42,0.84,19,0.98,2.4,0
S1006,11,14,0.77,1,0.5,2.09,0
S1007,24,83,0.7,15,0.52,2.25,0
S1008,2,45,0.72,14,0.57,3.13,1
S1009,25,32,0.53,12,0.67,3.53,1
S1010,3,49,0.73,17,0.91,3.88,1
S1011,35,14,0.9,19,0.95,2.03,0
S1012,14,43,0.69,13,0.59,3.05,1
S1013,31,33,0.69,17,0.81,2.94,1
S1014,28,26,0.51,1,0.96,3.31,1
S1015,9,80,0.73,1,0.73,3.12,1
S1016,20,31,0.51,2,0.55,3.37,1
S1017,15,24,0.79,4,0.73,3.32,1
S1018,18,24,0.75,15,0.69,2.23,0
S1019,28,34,0.92,14,0.79,3.6,1
S1020,17,62,0.79,11,0.72,2.25,0
S1021,15,30,0.66,8,0.51,3.4,1
S1022,0,75,0.76,13,1.0,2.83,1
S1023,1,41,0.85,15,0.77,3.03,1
S1024,14,30,0.55,10,0.74,3.81,1
S1025,38,77,0.81,5,0.98,3.78,1
S1026,27,53,0.96,9,0.58,3.64,1
S1027,0,75,0.65,7,0.59,3.02,1
S1028,4,23,0.81,15,0.9,3.47,1
S1029,21,24,0.91,2,0.63,3.03,1
S1030,35,29,0.76,1,0.9,3.74,1
S1031,12,43,0.86,15,0.64,2.81,1
S1032,0,45,0.66,18,0.52,3.94,1
S1033,15,18,0.65,8,0.76,3.86,1
S1034,21,80,0.83,15,0.6,3.48,1
S1035,31,39,0.85,3,0.88,2.56,1
S1036,15,86,0.97,9,0.82,2.26,0
S1037,14,72,0.61,18,0.96,3.71,1
S1038,11,44,0.73,12,0.89,2.33,0
S1039,0,22,0.63,17,0.59,3.71,1
S1040,16,88,0.54,14,0.9,2.98,1
S1041,27,55,0.7,3,0.82,2.81,1
S1042,6,65,0.69,8,0.83,3.81,1
S1043,8,18,0.64,3,0.92,3.21,1
S1044,21,45,0.65,15,0.79,3.15,1
S1045,25,12,0.68,14,0.73,3.12,1
S1046,11,28,0.99,1,0.82,2.74,1
S1047,6,37,0.89,13,0.65,3.57,1
S1048,14,32,0.54,2,0.59,2.51,1
S1049,37,16,0.94,3,0.81,3.88,1
S1050,20,85,0.82,0,0.62,3.79,1
S1051,13,23,0.95,8,0.54,2.67,1
S1052,1,55,0.67,16,0.5,3.46,1
S1053,7,24,0.73,13,0.8,3.15,1
S1054,5,76,0.95,16,0.68,2.68,1
S1055,36,24,0.64,0,0.88,3.98,1
S1056,36,60,0.96,9,0.69,2.05,0
S1057,32,17,0.91,15,0.74,2.51,1
S1058,5,78,0.99,18,0.7,3.04,1
S1059,25,71,0.66,2,0.83,3.04,1
S1060,38,60,0.62,11,0.68,3.18,1
S1061,36,72,0.67,2,0.98,3.5,1
S1062,13,77,0.98,14,0.97,3.25,1
S1063,36,87,0.67,16,0.92,3.2,1
S1064,7,25,0.78,17,0.96,2.11,0
S1065,38,33,0.7,6,0.72,2.75,1
S1066,12,15,0.7,18,0.77,2.46,0
S1067,12,66,0.6,6,0.87,2.53,1
S1068,39,40,0.77,4,0.85,3.11,1
S1069,27,15,0.92,7,0.95,2.4,0
S1070,17,88,0.52,15,0.86,2.59,1
S1071,18,38,0.94,15,1.0,2.47,0
S1072,37,76,0.83,18,0.67,3.9,1
S1073,31,84,0.81,14,0.92,3.89,1
S1074,21,12,0.81,6,0.85,3.22,1
S1075,1,37,0.65,4,0.85,3.85,1
S1076,12,83,0.71,10,0.66,3.57,1
S1077,22,57,0.9,9,0.89,3.18,1
S1078,24,89,0.65,8,0.95,2.01,0
S1079,27,19,0.74,0,0.61,3.55,1
S1080,10,42,0.51,19,0.81,3.4,1
S1081,32,76,0.87,0,0.7,3.23,1
S1082,23,78,0.71,7,0.99,3.52,1
S1083,1,21,0.76,2,0.74,3.03,1
S1084,29,66,0.56,1,0.61,3.41,1
S1085,16,53,1.0,3,0.69,3.87,1
S1086,39,22,0.65,18,0.83,2.75,1
S1087,33,33,0.82,10,0.54,3.42,1
S1088,37,53,0.79,4,0.8,2.95,1
S1089,21,66,0.89,9,0.97,3.35,1
S1090,4,25,0.65,7,0.93,3.53,1
S1091,39,30,0.88,12,0.53,2.09,0
S1092,15,85,0.69,4,1.0,3.29,1
S1093,12,60,0.71,11,0.85,2.45,0
S1094,25,30,0.84,12,0.58,3.34,1
S1095,30,69,0.89,7,0.51,2.94,1
S1096,38,60,0.83,14,0.59,3.55,1
S1097,22,30,0.95,12,0.92,2.25,0
S1098,11,15,0.64,0,0.51,3.25,1
S1099,13,82,0.95,5,0.62,2.56,1
S1100,17,74,0.57,10,0.88,3.71,1
S1101,26,85,0.83,12,0.79,3.86,1
S1102,27,67,0.77,19,0.89,3.99,1
S1103,17,87,0.75,0,0.87,3.59,1
S1104,15,15,0.66,10,0.53,3.51,1
S1105,15,74,0.75,10,0.95,2.43,0
S1106,12,43,0.58,7,0.61,2.67,1
S1107,28,65,0.68,2,0.78,2.93,1
S1108,8,84,0.55,18,0.82,3.55,1
S1109,25,12,0.79,11,0.58,3.83,1
S1110,27,51,0.55,5,0.99,2.38,0
S1111,12,71,0.58,7,0.74,3.84,1
S1112,35,15,0.54,4,0.53,3.39,1
S1113,8,15,0.69,9,0.97,3.22,1
S1114,13,72,0.92,15,0.79,2.4,0
S1115,11,29,0.95,11,0.85,2.11,0
S1116,31,30,0.54,16,0.76,3.14,1
S1117,37,11,0.82,5,0.92,3.3,1
S1118,2,65,0.84,8,0.52,2.42,0
S1119,15,19,0.77,9,0.63,3.11,1
S1120,19,79,0.83,19,0.73,3.71,1
S1121,31,32,0.62,13,0.54,3.67,1
S1122,22,39,0.74,13,0.85,3.85,1
S1123,16,87,0.7,16,0.7,2.73,1
S1124,15,46,0.54,15,0.64,2.64,1
S1125,37,64,0.81,3,0.5,3.5,1
S1126,7,58,0.75,1,0.86,2.86,1
S1127,18,43,0.64,15,0.92,2.18,0
S1128,29,53,0.74,0,0.7,2.57,1
S1129,33,31,0.89,2,0.78,2.84,1
S1130,13,40,0.9,10,0.61,2.59,1
S1131,21,16,0.82,15,0.81,2.66,1
S1132,16,30,0.73,17,0.51,2.59,1
S1133,14,25,0.79,14,0.74,2.08,0
S1134,31,29,0.69,8,0.82,3.27,1
S1135,12,52,0.56,11,0.96,3.19,1
S1136,20,53,0.69,17,0.69,3.31,1
S1137,39,56,0.77,4,0.88,2.38,0
S1138,32,28,0.8,7,0.8,2.59,1
S1139,26,57,0.97,2,0.96,3.24,1
S1140,34,88,0.89,1,0.7,3.2,1
S1141,15,78,0.58,18,0.66,3.01,1
S1142,27,20,0.59,7,0.94,2.7,1
S1143,33,88,0.55,1,0.52,3.83,1
S1144,0,38,0.87,18,0.57,2.68,1
S1145,30,54,0.85,0,0.54,2.91,1
S1146,35,77,0.99,12,0.92,3.36,1
S1147,32,45,0.76,19,0.51,3.09,1
S1148,32,57,0.91,16,0.93,2.69,1
S1149,38,24,0.79,2,0.73,2.87,1
S1150,17,53,0.94,8,0.5,3.59,1
S1151,22,76,0.86,4,0.7,2.56,1
S1152,22,83,0.82,5,0.59,2.28,0
S1153,14,49,0.78,3,0.81,2.63,1
S1154,25,23,0.86,16,0.84,3.7,1
S1155,29,72,0.71,15,0.74,2.18,0
S1156,24,60,0.55,15,0.52,3.98,1
S1157,15,88,0.52,10,0.83,3.08,1
S1158,38,67,0.74,1,0.92,3.97,1
S1159,13,24,0.8,16,0.86,3.88,1
S1160,16,74,0.54,14,0.91,2.91,1
S1161,11,64,0.64,17,0.6,2.4,0
S1162,28,85,0.66,9,0.94,2.33,0
S1163,31,19,0.78,5,0.66,2.48,0
S1164,23,51,0.64,15,0.51,3.42,1
S1165,12,20,0.55,4,0.92,2.55,1
S1166,19,25,0.58,11,0.97,2.68,1
S1167,14,82,0.59,5,0.83,2.9,1
S1168,3,87,0.92,13,0.62,3.83,1
S1169,33,28,0.64,15,0.63,2.38,0
S1170,27,40,0.86,6,0.73,2.01,0
S1171,1,82,0.78,1,0.95,2.12,0
S1172,29,62,0.99,5,0.57,3.81,1
S1173,25,17,0.64,8,0.91,3.3,1
S1174,25,33,0.58,6,0.65,2.55,1
S1175,19,17,0.53,1,0.9,2.35,0
S1176,27,57,0.62,18,0.96,2.59,1
S1177,19,39,0.84,7,0.71,2.23,0
S1178,10,67,0.54,10,0.68,3.88,1
S1179,9,64,0.62,3,0.9,3.57,1
S1180,22,82,0.93,15,0.76,2.92,1
S1181,36,71,0.79,17,0.84,3.73,1
S1182,18,57,0.53,12,0.81,2.5,1
S1183,17,13,0.52,4,0.58,3.43,1
S1184,26,46,0.53,1,0.92,3.71,1
S1185,5,17,0.97,10,0.6,2.71,1
S1186,9,10,0.92,0,0.97,3.51,1
S1187,1,79,0.92,12,0.63,2.59,1
S1188,23,56,0.96,4,0.87,2.6,1
S1189,37,84,0.75,17,0.64,2.21,0
S1190,27,14,0.62,13,0.66,2.88,1
S1191,27,59,0.7,12,0.66,3.46,1
S1192,38,33,0.86,6,0.87,3.88,1
S1193,1,56,0.94,7,0.78,3.21,1
S1194,4,27,0.72,17,0.94,3.73,1
S1195,10,37,0.77,6,0.65,3.64,1
S1196,9,86,0.97,19,0.85,2.35,0
S1197,1,14,0.55,16,0.88,2.97,1
S1198,14,39,0.93,15,0.58,2.23,0
S1199,38,10,0.58,10,0.7,3.36,1
S1200,36,55,0.74,18,0.74,3.9,1
S1201,6,78,0.61,0,0.68,2.27,0
S1202,19,40,0.8,7,0.66,3.47,1
S1203,33,79,0.78,0,0.84,3.26,1
S1204,34,65,0.69,8,0.61,3.17,1
S1205,33,37,0.93,18,0.85,2.78,1
S1206,21,25,0.83,8,0.97,2.71,1
S1207,30,63,0.86,9,0.78,2.09,0
S1208,22,62,0.58,10,0.81,2.44,0
S1209,18,21,0.94,0,0.53,2.03,0
S1210,3,29,0.58,19,0.93,3.16,1
S1211,23,43,0.61,7,0.64,2.21,0
S1212,19,62,0.56,19,0.81,3.75,1
S1213,38,73,0.72,11,0.99,3.05,1
S1214,27,32,0.94,0,0.8,3.4,1
S1215,38,36,0.63,9,0.86,2.82,1
S1216,16,26,0.69,3,0.72,3.12,1
S1217,18,57,0.92,14,0.53,3.89,1
S1218,34,30,0.81,18,0.9,2.17,0
S1219,31,59,0.88,5,0.52,2.51,1
S1220,38,49,0.61,4,0.85,3.56,1
S1221,34,12,0.86,4,0.51,2.2,0
S1222,29,26,0.61,17,0.93,2.15,0
S1223,16,70,0.99,2,0.58,2.72,1
S1224,28,59,0.78,1,0.76,2.18,0
S1225,5,15,0.85,3,0.8,3.17,1
S1226,16,37,0.56,17,0.73,2.45,0
S1227,16,81,0.63,8,0.67,3.79,1
S1228,13,64,0.57,18,0.73,3.57,1
S1229,23,67,0.7,9,0.66,3.4,1
S1230,36,54,0.64,14,0.72,3.23,1
S1231,39,81,0.87,0,0.68,3.73,1
S1232,38,28,0.55,10,0.78,2.45,0
S1233,31,38,0.88,13,0.62,3.75,1
S1234,35,32,0.52,9,0.99,3.58,1
S1235,36,41,0.6,18,0.75,3.5,1
S1236,13,19,0.9,15,0.6,3.12,1
S1237,26,58,0.87,7,0.74,2.49,0
S1238,18,74,0.74,1,0.93,2.85,1
S1239,30,38,0.52,6,0.51,3.59,1
S1240,8,68,0.8,18,0.84,2.06,0
S1241,37,54,0.7,6,0.77,3.56,1
S1242,16,76,0.66,14,0.58,2.48,0
S1243,18,60,0.82,7,0.91,2.29,0
S1244,3,20,0.72,13,0.68,2.23,0
S1245,10,15,0.55,0,0.65,2.05,0
S1246,21,76,0.96,12,0.91,3.05,1
S1247,3,71,0.89,2,0.82,2.44,0
S1248,16,14,0.53,5,0.95,3.98,1
S1249,7,18,0.76,18,0.81,3.15,1
S1250,33,37,0.54,14,0.87,2.28,0
S1251,10,86,0.92,3,0.92,3.38,1
S1252,30,47,0.81,2,0.53,3.8,1
S1253,10,52,0.59,3,0.89,3.49,1
S1254,37,30,0.51,4,0.81,2.15,0
S1255,20,71,0.52,17,0.53,3.79,1
S1256,29,55,0.75,9,0.75,3.59,1
S1257,9,79,0.87,7,0.54,2.32,0
S1258,25,47,0.56,11,0.87,2.1,0
S1259,26,58,0.61,2,0.77,3.11,1
S1260,7,84,0.66,17,0.98,2.31,0
S1261,38,48,0.61,7,0.59,3.67,1
S1262,7,80,0.7,0,0.8,2.72,1
S1263,7,39,0.78,13,0.61,3.83,1
S1264,33,30,0.84,12,0.81,3.13,1
S1265,15,10,0.98,11,0.86,2.37,0
S1266,12,41,0.97,2,0.86,2.28,0
S1267,22,17,0.79,17,0.91,3.15,1
S1268,11,78,0.87,12,0.93,3.52,1
S1269,26,39,0.98,14,0.54,3.56,1
S1270,21,17,0.54,9,0.67,2.55,1
S1271,31,28,0.5,0,0.84,2.41,0
S1272,26,68,0.51,5,0.75,2.03,0
S1273,1,64,0.78,8,0.6,3.36,1
S1274,32,39,0.88,9,0.78,2.15,0
S1275,25,88,0.68,14,0.7,2.84,1
S1276,27,45,0.77,8,0.7,3.2,1
S1277,18,64,0.76,13,0.9,3.87,1
S1278,4,53,0.55,10,0.7,2.62,1
S1279,32,36,0.66,6,0.51,2.5,1
S1280,19,86,0.51,1,0.53,3.31,1
S1281,29,87,0.56,13,0.93,3.24,1
S1282,7,63,0.91,5,0.98,2.66,1
S1283,37,57,0.91,4,0.84,3.86,1
S1284,16,39,0.9,4,0.68,3.69,1
S1285,0,48,0.86,18,0.97,2.45,0
S1286,2,22,0.9,18,0.83,2.48,0
S1287,25,25,0.84,5,0.92,3.02,1
S1288,30,53,0.83,9,0.88,3.55,1
S1289,7,80,0.83,13,0.69,2.09,0
S1290,7,36,0.76,16,0.74,3.39,1
S1291,34,54,0.68,2,0.59,3.3,1
S1292,38,44,0.87,0,0.65,2.46,0
S1293,27,88,0.65,9,0.89,3.36,1
S1294,3,37,0.77,2,0.95,3.88,1
S1295,15,16,0.72,4,0.86,2.09,0
S1296,12,71,0.64,18,0.73,2.64,1
S1297,19,60,0.99,9,0.54,2.88,1
S1298,4,55,0.63,15,0.53,3.8,1
S1299,36,29,0.65,0,0.69,3.92,1
S1300,19,47,0.58,5,0.73,2.89,1
S1301,23,70,0.91,8,0.8,3.5,1
S1302,35,41,0.79,4,0.5,3.06,1
S1303,33,35,0.81,13,0.99,3.08,1
S1304,33,67,0.91,9,0.68,2.56,1
S1305,18,48,0.67,1,0.92,2.43,0
S1306,16,29,0.6,4,0.77,2.58,1
S1307,4,59,0.6,0,0.57,3.11,1
S1308,24,88,0.87,9,0.9,2.06,0
S1309,17,61,0.81,8,0.85,3.81,1
S1310,7,31,0.6,2,0.76,2.31,0
S1311,26,62,0.57,14,0.76,2.44,0
S1312,14,75,0.56,3,0.54,3.04,1
S1313,12,52,0.81,12,0.83,3.42,1
S1314,15,32,0.5,5,0.96,2.19,0
S1315,21,86,0.51,19,0.55,2.64,1
S1316,19,73,0.69,16,0.63,3.94,1
S1317,12,18,0.85,4,0.95,2.52,1
S1318,19,16,0.85,14,0.64,2.63,1
S1319,1,50,0.72,7,0.83,3.67,1
S1320,34,63,0.85,4,0.77,2.1,0
S1321,18,74,0.76,12,0.8,2.93,1
S1322,36,11,0.99,0,0.71,2.76,1
S1323,5,13,0.58,0,0.65,2.63,1
S1324,13,87,0.8,6,0.52,2.57,1
S1325,3,41,0.75,4,0.87,2.18,0
S1326,21,11,0.6,13,0.87,2.63,1
S1327,38,73,0.87,14,0.84,2.09,0
S1328,35,23,0.64,16,0.82,3.56,1
S1329,33,29,0.69,17,0.62,2.8,1
S1330,26,58,0.69,6,0.51,2.89,1
S1331,6,17,0.62,17,0.9,3.79,1
S1332,2,72,0.72,18,0.75,3.32,1
S1333,32,55,0.74,19,0.65,2.02,0
S1334,1,30,0.87,6,0.55,3.89,1
S1335,15,41,0.88,7,0.53,2.47,0
S1336,24,17,0.58,12,0.67,2.22,0
S1337,14,25,0.8,17,0.9,3.54,1
S1338,23,49,0.95,10,0.96,3.0,1
S1339,14,36,0.55,8,0.95,2.87,1
S1340,30,27,0.74,0,0.96,2.5,1
S1341,13,44,0.88,7,0.95,3.09,1
S1342,13,61,0.81,11,0.76,2.55,1
S1343,5,24,0.55,1,0.61,3.8,1
S1344,13,72,0.7,14,0.9,2.43,0
S1345,16,62,0.75,17,0.61,3.77,1
S1346,17,75,1.0,16,0.63,3.12,1
S1347,19,40,0.59,14,0.62,3.66,1
S1348,16,70,0.99,19,0.76,3.43,1
S1349,15,73,0.69,19,0.66,3.39,1
S1350,39,43,0.6,8,0.58,2.65,1
S1351,38,64,0.71,2,0.73,2.47,0
S1352,31,68,0.81,19,0.94,2.42,0
S1353,8,12,0.61,18,0.79,3.71,1
S1354,26,26,0.65,17,0.94,3.64,1
S1355,32,87,0.93,19,0.6,2.88,1
S1356,9,87,1.0,7,0.58,2.26,0
S1357,16,55,0.66,0,0.79,2.76,1
S1358,35,47,0.57,14,0.73,3.24,1
S1359,16,44,0.9,18,0.83,2.91,1
S1360,17,10,0.8,9,0.9,3.56,1
S1361,22,38,0.55,11,0.88,4.0,1
S1362,33,13,0.97,5,0.97,2.38,0
S1363,7,70,0.54,12,0.7,2.92,1
S1364,12,26,0.81,3,0.6,2.86,1
S1365,22,37,0.71,12,0.78,2.61,1
S1366,19,59,0.78,16,0.56,2.4,0
S1367,21,17,0.61,0,0.64,2.13,0
S1368,22,43,0.84,4,0.6,3.77,1
S1369,34,68,0.98,16,0.7,2.84,1
S1370,2,27,0.73,17,0.56,2.99,1
S1371,33,68,0.76,6,0.52,3.83,1
S1372,32,36,0.62,15,0.83,3.55,1
S1373,16,25,0.95,7,0.81,2.26,0
S1374,18,19,0.99,11,0.85,3.13,1
S1375,29,85,0.89,13,0.83,2.88,1
S1376,22,31,0.77,18,0.56,3.59,1
S1377,14,25,0.98,10,0.65,3.45,1
S1378,13,21,0.58,11,0.56,3.38,1
S1379,1,84,0.74,12,0.92,2.68,1
S1380,38,60,0.77,7,0.87,3.61,1
S1381,17,10,0.75,0,0.6,2.1,0
S1382,5,36,0.9,8,0.67,2.32,0
S1383,31,76,0.84,1,0.98,2.67,1
S1384,20,21,0.56,13,0.8,2.15,0
S1385,39,39,0.67,12,0.9,2.47,0
S1386,27,18,0.67,15,0.63,3.66,1
S1387,26,62,0.78,1,0.61,3.9,1
S1388,1,70,0.65,3,0.89,2.61,1
S1389,32,63,0.56,11,0.84,2.53,1
S1390,15,46,0.83,15,0.84,2.56,1
S1391,38,74,0.93,9,0.78,2.56,1
S1392,21,51,0.97,2,0.78,2.07,0
S1393,12,58,0.99,3,0.87,3.85,1
S1394,1,13,0.89,5,0.64,2.43,0
S1395,13,73,0.57,4,0.68,2.84,1
S1396,37,88,0.93,17,0.94,2.02,0
S1397,27,60,0.7,2,0.65,3.72,1
S1398,6,81,0.86,9,0.77,3.46,1
S1399,17,69,0.77,10,0.85,3.89,1
S1400,35,88,0.91,18,1.0,3.56,1
S1401,35,40,0.71,13,0.72,2.63,1
S1402,3,81,0.53,10,0.71,2.5,1
S1403,29,67,0.78,3,0.92,3.4,1
S1404,23,13,0.59,5,0.9,2.73,1
S1405,19,31,0.98,16,0.87,3.13,1
S1406,30,12,0.76,18,0.73,2.01,0
S1407,23,88,0.78,12,0.66,2.12,0
S1408,6,56,0.95,9,0.8,3.07,1
S1409,25,47,0.81,10,0.94,3.13,1
S1410,12,42,0.65,5,0.94,3.5,1
S1411,7,87,0.65,1,0.55,2.26,0
S1412,4,57,0.75,0,0.71,3.03,1
S1413,12,74,0.93,10,0.73,2.39,0
S1414,28,35,0.9,15,0.99,2.19,0
S1415,19,17,0.98,2,0.84,2.82,1
S1416,13,59,0.54,4,0.7,2.33,0
S1417,31,89,0.63,14,0.51,2.44,0
S1418,26,47,0.54,14,0.78,2.64,1
S1419,24,19,0.88,3,0.55,2.52,1
S1420,3,51,0.57,3,0.92,2.18,0
S1421,20,46,0.55,7,0.88,2.18,0
S1422,17,35,0.78,6,0.73,2.39,0
S1423,38,21,0.71,16,0.71,2.1,0
S1424,14,58,0.86,14,0.95,3.25,1
S1425,37,23,0.74,4,0.64,2.57,1
S1426,23,55,0.71,12,0.62,2.56,1
S1427,7,44,0.71,3,0.97,2.66,1
S1428,27,38,0.94,16,0.9,3.33,1
S1429,20,21,0.7,16,0.91,3.74,1
S1430,15,53,0.67,13,0.6,3.52,1
S1431,15,75,0.67,13,0.57,3.46,1
S1432,34,11,0.6,16,0.51,2.97,1
S1433,16,68,0.93,7,0.62,3.39,1
S1434,8,26,0.57,1,0.89,3.11,1
S1435,34,19,0.95,12,0.62,2.43,0
S1436,28,27,0.64,15,0.86,2.42,0
S1437,38,31,0.95,15,0.63,2.59,1
S1438,17,67,0.9,5,0.7,3.82,1
S1439,11,62,0.79,3,0.99,3.09,1
S1440,18,10,0.83,2,0.62,3.47,1
S1441,21,70,0.66,5,0.69,2.69,1
S1442,14,40,0.79,3,0.65,2.82,1
S1443,0,40,0.65,17,0.55,2.25,0
S1444,1,75,0.7,5,0.74,2.34,0
S1445,7,28,0.88,4,0.69,3.65,1
S1446,21,62,0.62,8,0.85,3.17,1
S1447,24,85,0.92,10,0.91,2.68,1
S1448,1,83,0.69,5,0.77,3.61,1
S1449,8,31,0.77,15,0.52,2.49,0
S1450,8,32,0.97,18,0.81,3.95,1
S1451,12,24,0.84,10,0.53,2.69,1
S1452,5,35,0.82,14,0.81,2.67,1
S1453,29,12,0.86,8,0.84,2.62,1
S1454,14,29,0.96,18,0.6,2.24,0
S1455,14,49,0.62,18,0.91,2.22,0
S1456,6,48,0.81,8,0.96,3.3,1
S1457,10,81,0.7,3,0.91,3.75,1
S1458,39,27,0.51,9,0.65,3.58,1
S1459,37,50,0.56,8,0.79,2.28,0
S1460,39,79,0.66,18,0.96,3.09,1
S1461,1,36,0.78,14,0.66,2.21,0
S1462,38,24,0.94,18,0.91,2.09,0
S1463,9,46,0.9,1,0.5,3.31,1
S1464,16,67,0.78,9,0.5,3.07,1
S1465,6,14,0.54,18,0.88,2.16,0
S1466,39,82,0.64,16,0.88,2.07,0
S1467,38,16,0.68,19,0.89,3.98,1
S1468,3,50,0.81,1,0.97,2.06,0
S1469,34,19,0.53,18,0.56,2.89,1
S1470,35,71,0.77,16,0.62,3.01,1
S1471,30,35,0.95,17,0.95,2.23,0
S1472,24,77,0.85,16,0.59,2.34,0
S1473,12,33,0.9,1,0.84,2.7,1
S1474,17,87,0.84,18,0.77,3.52,1
S1475,20,50,0.6,0,0.54,3.01,1
S1476,0,74,0.56,10,0.64,3.28,1
S1477,35,26,0.91,9,0.76,3.97,1
S1478,7,33,0.85,4,0.93,3.54,1
S1479,20,36,0.79,15,0.85,2.87,1
S1480,20,16,0.59,4,0.81,2.89,1
S1481,26,82,0.8,11,0.75,3.24,1
S1482,18,21,0.52,3,0.65,3.33,1
S1483,22,12,0.56,5,0.56,3.0,1
S1484,34,88,0.66,18,0.7,3.29,1
S1485,39,19,0.72,8,0.51,2.05,0
S1486,4,42,0.56,11,0.61,2.86,1
S1487,7,55,0.56,14,0.72,2.56,1
S1488,10,68,0.86,15,0.71,2.26,0
S1489,15,61,0.78,12,0.52,2.2,0
S1490,38,15,0.77,6,0.79,3.21,1
S1491,23,11,0.73,19,0.77,3.05,1
S1492,20,38,0.99,3,0.54,2.51,1
S1493,22,49,0.52,10,0.97,2.94,1
S1494,37,70,0.59,7,0.55,2.98,1
S1495,7,77,0.82,5,0.93,2.39,0
S1496,6,77,0.57,9,0.5,3.3,1
S1497,1,38,0.79,6,0.94,3.56,1
S1498,29,71,0.78,6,0.51,3.58,1
S1499,12,69,0.99,3,0.88,3.2,1
S1500,22,50,0.94,2,0.68,3.02,1
S1501,28,74,0.97,6,0.87,2.12,0
S1502,37,73,0.56,3,0.7,2.58,1
S1503,36,88,0.93,12,0.54,2.19,0
S1504,19,72,0.56,19,0.88,3.93,1
S1505,32,57,0.82,16,0.54,2.27,0
S1506,28,29,0.86,6,0.96,2.3,0
S1507,14,46,0.58,16,0.53,3.78,1
S1508,22,73,0.82,3,0.74,3.89,1
S1509,2,14,0.53,10,0.86,3.53,1
S1510,36,43,0.65,2,0.7,2.01,0
S1511,28,48,0.96,10,0.61,2.0,0
S1512,7,76,0.59,2,0.88,2.76,1
S1513,21,71,0.53,11,0.89,2.29,0
S1514,28,33,0.72,0,0.96,2.04,0
S1515,1,12,0.93,3,0.69,2.93,1
S1516,0,80,0.54,13,0.75,3.89,1
S1517,19,76,0.68,0,0.68,2.65,1
S1518,20,88,0.95,13,0.63,3.32,1
S1519,36,59,0.56,12,0.88,3.3,1
S1520,7,38,0.66,12,0.67,2.5,1
S1521,26,83,0.89,14,0.71,3.3,1
S1522,34,41,0.77,16,0.7,2.42,0
S1523,5,48,0.92,11,0.86,2.24,0
S1524,18,18,0.56,13,0.96,3.4,1
S1525,17,23,0.96,11,0.83,2.23,0
S1526,0,77,0.97,17,0.74,3.99,1
S1527,24,73,0.58,3,0.89,2.37,0
S1528,26,29,0.52,13,0.82,3.19,1
S1529,6,37,0.99,18,0.53,2.82,1
S1530,28,23,0.74,12,0.55,2.25,0
S1531,30,53,0.79,17,0.52,2.06,0
S1532,35,86,0.81,10,0.73,3.25,1
S1533,18,48,0.89,5,0.91,3.61,1
S1534,5,37,0.91,8,0.66,3.68,1
S1535,24,73,0.6,11,0.69,2.97,1
S1536,30,41,0.62,18,0.95,3.55,1
S1537,8,18,0.94,13,0.92,3.35,1
S1538,19,37,0.91,14,0.83,3.45,1
S1539,9,26,0.81,10,0.63,2.99,1
S1540,36,86,1.0,5,0.56,3.27,1
S1541,26,64,0.87,13,0.51,3.61,1
S1542,12,19,0.61,2,0.55,2.8,1
S1543,1,89,0.92,18,0.65,3.61,1
S1544,20,15,0.71,19,0.78,3.18,1
S1545,32,57,0.52,10,0.53,2.33,0
